Country Code,Country
94,Indonesia
94,Indonesia
,
191,Sri Lanka
214,UAE
94,Indonesia
1,India
30,Brazil
,
14,Australia
208,Turkey
189,South Africa
1,India
216,United States
,
215,United Kingdom
94,Indonesia
214,UAE
162,Phillipines
215,United Kingdom
215,United Kingdom
166,Qatar
215,United Kingdom
14,Australia
30,Brazil
94,Indonesia
189,South Africa
166,Qatar
189,South Africa
1,India
189,South Africa
1,India
191,Sri Lanka
14,Australia
191,Sri Lanka
,
37,Canada
215,United Kingdom
189,South Africa
216,United States
1,India
30,Brazil
189,South Africa
216,United States
1,India
30,Brazil
94,Indonesia
166,Qatar
214,UAE
189,South Africa
14,Australia
216,United States
216,United States
162,Phillipines
,
189,South Africa
1,India
214,UAE
148,New Zealand
166,Qatar
208,Turkey
215,United Kingdom
14,Australia
94,Indonesia
30,Brazil
214,UAE
208,Turkey
37,Canada
216,United States
148,New Zealand
,
162,Phillipines
148,New Zealand
162,Phillipines
162,Phillipines
184,Singapore
184,Singapore
162,Phillipines
94,Indonesia
215,United Kingdom
94,Indonesia
162,Phillipines
14,Australia
215,United Kingdom
216,United States
94,Indonesia
1,India
162,Phillipines
30,Brazil
189,South Africa
208,Turkey
184,Singapore
94,Indonesia
94,Indonesia
1,India
191,Sri Lanka
215,United Kingdom
30,Brazil
189,South Africa
191,Sri Lanka
215,United Kingdom
,
166,Qatar
14,Australia
30,Brazil
189,South Africa
94,Indonesia
184,Singapore
214,UAE
14,Australia
166,Qatar
216,United States
214,UAE
191,Sri Lanka
216,United States
30,Brazil
148,New Zealand
94,Indonesia
148,New Zealand
184,Singapore
184,Singapore
208,Turkey
214,UAE
208,Turkey
184,Singapore
191,Sri Lanka
,
162,Phillipines
214,UAE
1,India
1,India
14,Australia
208,Turkey
14,Australia
162,Phillipines
166,Qatar
30,Brazil
184,Singapore
14,Australia
215,United Kingdom
215,United Kingdom
208,Turkey
30,Brazil
208,Turkey
184,Singapore
148,New Zealand
1,India
215,United Kingdom
,
216,United States
189,South Africa
166,Qatar
30,Brazil
162,Phillipines
94,Indonesia
148,New Zealand
14,Australia
148,New Zealand
30,Brazil
215,United Kingdom
162,Phillipines
214,UAE
214,UAE
215,United Kingdom
37,Canada
191,Sri Lanka
162,Phillipines
208,Turkey
94,Indonesia
184,Singapore
215,United Kingdom
94,Indonesia
37,Canada
162,Phillipines
94,Indonesia
30,Brazil
208,Turkey
166,Qatar
94,Indonesia
166,Qatar
1,India
,
216,United States
214,UAE
94,Indonesia
208,Turkey
216,United States
30,Brazil
166,Qatar
30,Brazil
166,Qatar
94,Indonesia
189,South Africa
30,Brazil
166,Qatar
184,Singapore
214,UAE
184,Singapore
214,UAE
184,Singapore
214,UAE
37,Canada
94,Indonesia
162,Phillipines
184,Singapore
215,United Kingdom
37,Canada
166,Qatar
189,South Africa
